Variável,Coeficiente
x1,2.87329180369564
x2,9.290126184383478
x3,-6.432280243561785
x4,2.57936945376626
x5,0.07749045349590311
x6,7.504832681328054
x7,0.15218917178699876
x8,7.628179924433475
x9,1.417452371064913
x10,-4.342749668804822
x11,-0.046992856242546566
x12,-9.002051241722523
