Variável,Coeficiente
x1,2.4676232069192032
x2,1.240941665864261
x3,-0.5413378339066259
