Variável,Coeficiente
x1,-1.0480084497295454
x2,6.6632623273919265
x3,0.9693318410266638
x4,-8.867238186638458
x5,-6.871029922923286
x6,9.063295017685274
x7,8.603964318414079
x8,-1.5967859750348978
x9,9.069768378231643
