Variável,Coeficiente
x1,-9.336028528890377
x2,2.1302238365885717
