Variável,Coeficiente
x1,-4.6870996672176
x2,-9.638912025658152
x3,-9.139410463556086
x4,6.6387333324367575
x5,-0.48309392803572493
