Variável,Coeficiente
x1,-8.230995564626935
x2,9.225582374333698
x3,-5.349070309404125
x4,9.254017450762394
x5,7.890133539221974
x6,-6.825286610577113
