Variável,Coeficiente
x1,8.312798516597699
x2,0.5037715173604624
x3,-9.704082451128972
x4,3.612236050492811
x5,-2.0735231910104357
x6,-8.272600923908476
x7,-4.007987168782328
x8,2.5783702754518742
