Variável,Coeficiente
x1,-6.880643394952369
x2,-1.3907330395062658
x3,-5.419989066570325
x4,-5.214400843619378
