Variável,Coeficiente
x1,3.8489986899382593
x2,-7.09764674086903
x3,-4.176773012232539
x4,9.652927179466705
x5,-4.958091414508409
x6,5.33657556467128
x7,6.210643692108235
x8,9.942277345048595
x9,4.826648267995804
x10,9.149137191599703
