Variável,Coeficiente
x1,1.3600735365723295
x2,2.7189063366313366
x3,9.486636956975214
x4,2.42192052973782
x5,-0.7865511855086478
x6,3.2680034208649644
x7,-7.105849751105433
