Cidade,X,Y
1,10.623494415500168,83.04623631086918
2,39.32722955649716,89.15285531726873
3,31.7471941186949,90.08960460168089
4,26.610397505882986,20.269616425538793
5,93.94360328034972,26.54819019555481
6,81.2284963513319,51.76845879225853
7,86.50036519035255,2.460299107730435
8,33.35079470101584,52.03958484024176
9,96.58742565741139,51.590908157024984
10,1.801966738936256,64.80150683540266
11,71.64536112160367,30.810153094060176
12,60.49645836122346,9.19251918567734
