Cidade,X,Y
1,27.50411189625751,56.99942629466494
2,61.62193366776722,53.98227359108739
3,28.587006473481114,86.23250613115717
4,22.035022128799476,35.765199514518685
5,0.0004412443822543466,59.15669815093235
