Cidade,X,Y
1,5.460289212750835,43.34624376876254
2,92.80066976122855,56.70918986981631
3,28.873266683965447,19.20086445130401
4,14.496087068534314,92.64654629337083
5,89.09326279801039,55.23874333104428
6,96.43113373162713,32.10508157079847
