Cidade,X,Y
1,34.929526058823456,49.64610525135221
2,38.138093486111714,80.62747956529178
3,18.30681014167439,92.22292576686723
4,28.90230038351088,22.115421575844053
5,94.66740398938781,78.09901970251173
6,42.850783403065904,45.034584075478
7,67.63656524708992,0.5917773251287839
8,36.52619056300536,36.211740834866866
9,24.38815055105469,47.34174376887
10,6.859743164616361,7.029405126425237
