Cidade,X,Y
1,16.87981307433445,61.66641277580449
2,64.31614825692594,46.512866169443214
3,94.83120264268142,71.78337826887129
4,37.85426591266575,22.998355668595128
5,57.02034389279868,43.80846106759429
6,95.1087852635954,44.168488550858555
7,65.7931672662829,1.7082076784432965
8,39.55174806007885,25.53483423796885
